sid,image,thumbnail
518772A,/products/images/518772A.jpg,/products/thumbnails/518772A.jpg
5300161100,/products/images/5300161100.jpg,/products/thumbnails/5300161100.jpg
5300162100,/products/images/5300162100.jpg,/products/thumbnails/5300162100.jpg
5300171100,/products/images/5300171100.jpg,/products/thumbnails/5300171100.jpg
5300178100,/products/images/5300178100.jpg,/products/thumbnails/5300178100.jpg
546467,/products/images/546467.jpg,/products/thumbnails/546467.jpg
548083,/products/images/548083.jpg,/products/thumbnails/548083.jpg
563438A1,/products/images/563438A1.jpg,/products/thumbnails/563438A1.jpg
566719,/products/images/566719.jpg,/products/thumbnails/566719.jpg
6203156090,/products/images/6203156090/1.jpg,/products/thumbnails/6203156090/1.jpg
6203156090,/products/images/6203156090/2.jpg,/products/thumbnails/6203156090/2.jpg
6203156090,/products/images/6203156090/3.jpg,/products/thumbnails/6203156090/3.jpg
6203156090,/products/images/6203156090/4.jpg,/products/thumbnails/6203156090/4.jpg
6203156090,/products/images/6203156090/5.jpg,/products/thumbnails/6203156090/5.jpg
6203156090,/products/images/6203156090/6.jpg,/products/thumbnails/6203156090/6.jpg
6203156090,/products/images/6203156090/7.jpg,/products/thumbnails/6203156090/7.jpg
6203221090,/products/images/6203221090/1.jpg,/products/thumbnails/6203221090/1.jpg
6203221090,/products/images/6203221090/2.jpg,/products/thumbnails/6203221090/2.jpg
6203221090,/products/images/6203221090/3.jpg,/products/thumbnails/6203221090/3.jpg
6203221090,/products/images/6203221090/4.jpg,/products/thumbnails/6203221090/4.jpg
6203221090,/products/images/6203221090/5.jpg,/products/thumbnails/6203221090/5.jpg
6203221090,/products/images/6203221090/6.jpg,/products/thumbnails/6203221090/6.jpg
6203221090,/products/images/6203221090/7.jpg,/products/thumbnails/6203221090/7.jpg
6210147160,/products/images/6210147160/1.jpg,/products/thumbnails/6210147160/1.jpg
6210147160,/products/images/6210147160/2.jpg,/products/thumbnails/6210147160/2.jpg
6210147160,/products/images/6210147160/3.jpg,/products/thumbnails/6210147160/3.jpg
6210147190,/products/images/6210147190/1.jpg,/products/thumbnails/6210147190/1.jpg
6210147190,/products/images/6210147190/2.jpg,/products/thumbnails/6210147190/2.jpg
6213014090,/products/images/6213014090/1.jpg,/products/thumbnails/6213014090/1.jpg
6213014090,/products/images/6213014090/2.jpg,/products/thumbnails/6213014090/2.jpg
6213014090,/products/images/6213014090/3.jpg,/products/thumbnails/6213014090/3.jpg
6213014090,/products/images/6213014090/4.jpg,/products/thumbnails/6213014090/4.jpg
6263053090,/products/images/6263053090/1.jpg,/products/thumbnails/6263053090/1.jpg
6263053090,/products/images/6263053090/2.jpg,/products/thumbnails/6263053090/2.jpg
6263053090,/products/images/6263053090/3.jpg,/products/thumbnails/6263053090/3.jpg
7136102300,/products/images/7136102300.jpg,/products/thumbnails/7136102300.jpg
7136106300,/products/images/7136106300.jpg,/products/thumbnails/7136106300.jpg
